selection_name,control_type,layers,heads,k,total_heads,random_id,patch_mode,alpha,target_layer,target_neuron,n,normal_no_count,normal_yes_count,patched_yes_count,patched_no_count,success_flips,success_flip_rate,no_to_yes_flips,yes_to_no_flips,normal_margin_mean,patched_margin_mean,delta_margin_mean,A_mean_pair_act,D_mean_pair_act,D_minus_A_pair_act,normal_mlp_act_mean,patched_mlp_act_mean,mlp_act_delta_mean,delta_toward_target_decision_mean,act_shift_toward_target_mean,act_shift_toward_target_rate,act_shift_toward_A_mean,act_shift_toward_A_rate,act_dist_to_target_before_mean,act_dist_to_target_after_mean,act_dist_to_A_before_mean,act_dist_to_A_after_mean,act_dist_reduction_mean,corr_delta_margin_with_act_shift_toward_A,corr_delta_target_with_act_shift_toward_target,corr_success_with_act_shift_toward_target,corr_delta_target_with_dist_reduction,corr_flip_with_act_shift_toward_A,corr_delta_margin_with_dist_reduction
L18_random5_per_layer_r0,random_heads,18,L18H9;L18H10;L18H1;L18H3;L18H6,5,5,0,mean_patch,1.0,22,13149,480,480,0,0,480,0,0.0,0,0,-22.907942708333334,-22.622005208333334,0.2859375,13.517867238898026,-4.029554116098504,-17.54742135499653,-32.2517822265625,-31.8105712890625,0.4412109375,0.2859375,0.4412109375,0.9020833333333333,0.4412109375,0.9020833333333333,45.769649465460525,45.32843852796053,45.769649465460525,45.32843852796053,0.4412109375,0.6620323785641061,0.6620323785641061,,0.6620323785641061,,0.6620323785641061
L18_top5_per_layer,top_heads,18,L18H15;L18H18;L18H4;L18H13;L18H20,5,5,-1,mean_patch,1.0,22,13149,480,480,0,90,390,90,0.1875,90,0,-22.907942708333334,-6.870149739583334,16.03779296875,13.517867238898026,-4.029554116098504,-17.54742135499653,-32.2517822265625,-13.038234090805053,19.213548135757446,16.03779296875,19.213548135757446,1.0,19.213548135757446,1.0,45.769649465460525,26.55610132970308,45.769649465460525,26.55610132970308,19.213548135757446,0.8529905498922759,0.8529905498922759,0.4409831914422783,0.8529905498922759,0.4409831914422783,0.8529905498922759
