selection_name,control_type,layers,heads,k,total_heads,random_id,patch_mode,alpha,target_layer,target_neuron,n,normal_no_count,normal_yes_count,patched_yes_count,patched_no_count,success_flips,success_flip_rate,no_to_yes_flips,yes_to_no_flips,normal_margin_mean,patched_margin_mean,delta_margin_mean,A_mean_pair_act,D_mean_pair_act,D_minus_A_pair_act,normal_mlp_act_mean,patched_mlp_act_mean,mlp_act_delta_mean,delta_toward_target_decision_mean,act_shift_toward_target_mean,act_shift_toward_target_rate,act_shift_toward_A_mean,act_shift_toward_A_rate,act_dist_to_target_before_mean,act_dist_to_target_after_mean,act_dist_to_A_before_mean,act_dist_to_A_after_mean,act_dist_reduction_mean,corr_delta_margin_with_act_shift_toward_A,corr_delta_target_with_act_shift_toward_target,corr_success_with_act_shift_toward_target,corr_delta_target_with_dist_reduction,corr_flip_with_act_shift_toward_A,corr_delta_margin_with_dist_reduction
L18_random5_per_layer_r0,random_heads,18,L18H9;L18H10;L18H1;L18H3;L18H6,5,5,0,mean_patch,1.0,22,13149,462,462,0,0,462,0,0.0,0,0,-17.576670725108226,-16.934219426406926,0.6424512987012987,13.517867238898026,-4.029554116098504,-17.54742135499653,-24.31649502840909,-23.134537337662337,1.1819576907467533,0.6424512987012987,1.1819576907467533,0.948051948051948,1.1819576907467533,0.948051948051948,37.83436226730713,36.65240457656037,37.83436226730713,36.65240457656037,1.1819576907467533,0.7402694101299433,0.7402694101299433,,0.7402694101299433,,0.7402694101299433
L18_top5_per_layer,top_heads,18,L18H15;L18H18;L18H4;L18H13;L18H20,5,5,-1,mean_patch,1.0,22,13149,462,462,0,214,248,214,0.46320346320346323,214,0,-17.576670725108226,-1.1921672077922079,16.384503517316016,13.517867238898026,-4.029554116098504,-17.54742135499653,-24.31649502840909,-4.923618737753335,19.392876290655757,16.384503517316016,19.392876290655757,1.0,19.392876290655757,1.0,37.83436226730713,18.441485976651357,37.83436226730713,18.441485976651357,19.392876290655757,0.8702551035441248,0.8702551035441248,0.06439396038701123,0.8702551035441248,0.06439396038701123,0.8702551035441248
