selection_name,control_type,layers,heads,k,total_heads,random_id,patch_mode,alpha,target_layer,target_neuron,n,normal_no_count,normal_yes_count,patched_yes_count,patched_no_count,success_flips,success_flip_rate,no_to_yes_flips,yes_to_no_flips,normal_margin_mean,patched_margin_mean,delta_margin_mean,A_mean_pair_act,D_mean_pair_act,D_minus_A_pair_act,normal_mlp_act_mean,patched_mlp_act_mean,mlp_act_delta_mean,delta_toward_target_decision_mean,act_shift_toward_target_mean,act_shift_toward_target_rate,act_shift_toward_A_mean,act_shift_toward_A_rate,act_dist_to_target_before_mean,act_dist_to_target_after_mean,act_dist_to_A_before_mean,act_dist_to_A_after_mean,act_dist_reduction_mean,corr_delta_margin_with_act_shift_toward_A,corr_delta_target_with_act_shift_toward_target,corr_success_with_act_shift_toward_target,corr_delta_target_with_dist_reduction,corr_flip_with_act_shift_toward_A,corr_delta_margin_with_dist_reduction
L18_random5_per_layer_r0,random_heads,18,L18H9;L18H10;L18H1;L18H3;L18H6,5,5,0,mean_patch,1.0,22,13149,13,0,13,13,0,0,0.0,0,0,7.195913461538462,6.980769230769231,-0.21514423076923078,13.517867238898026,-4.029554116098504,-17.54742135499653,4.653170072115385,4.788686899038462,0.13551682692307693,0.21514423076923078,-0.13551682692307693,0.38461538461538464,0.13551682692307693,0.6153846153846154,8.811590862660275,8.876795189583351,8.86469716678264,8.729180339859564,-0.06520432692307693,0.9409545288842981,0.9409545288842981,,0.7529698129704905,,-0.7529698129704905
L18_top5_per_layer,top_heads,18,L18H15;L18H18;L18H4;L18H13;L18H20,5,5,-1,mean_patch,1.0,22,13149,13,0,13,9,4,4,0.3076923076923077,0,4,7.195913461538462,1.4302884615384615,-5.765625,13.517867238898026,-4.029554116098504,-17.54742135499653,4.653170072115385,-1.2989032451923077,-5.9520733173076925,5.765625,5.9520733173076925,1.0,-5.9520733173076925,0.0,8.811590862660275,4.43508039698427,8.86469716678264,14.816770484090332,4.376510465676002,0.6222802620248229,0.6222802620248229,-0.5988800410779611,0.7019931731036364,0.5988800410779611,-0.7019931731036364
