selection_name,control_type,layers,heads,k,total_heads,random_id,patch_mode,alpha,target_layer,target_neuron,n,normal_no_count,patched_yes_count,no_to_yes_flips,no_to_yes_flip_rate,normal_margin_mean,patched_margin_mean,delta_margin_mean,A_mean_pair_act,D_mean_pair_act,D_minus_A_pair_act,normal_mlp_act_mean,patched_mlp_act_mean,mlp_act_delta_mean,act_shift_toward_A_mean,act_shift_toward_A_rate,act_dist_to_A_before_mean,act_dist_to_A_after_mean,act_dist_reduction_mean,corr_delta_margin_with_act_shift_toward_A,corr_flip_with_act_shift_toward_A,corr_delta_margin_with_dist_reduction
L18_random5_per_layer_r0,random_heads,18,L18H9;L18H10;L18H1;L18H3;L18H6,5,5,0,mean_patch,1.0,22,13149,478,478,1,1,0.0020920502092050207,-20.372352248953973,-19.689820868200837,0.6825313807531381,13.3258056640625,-6.339142648797286,-19.664948312859785,-26.476464435146443,-25.205208878138077,1.2712555570083681,1.2712555570083681,0.9728033472803347,39.80227009920895,38.53101454220057,1.2712555570083681,0.4794615838287887,-0.05716724137933875,0.4794615838287887
L18_top5_per_layer,top_heads,18,L18H15;L18H18;L18H4;L18H13;L18H20,5,5,-1,mean_patch,1.0,22,13149,478,478,150,150,0.3138075313807531,-20.372352248953973,-3.705838127615063,16.666514121338913,13.3258056640625,-6.339142648797286,-19.664948312859785,-26.476464435146443,-8.19474470066725,18.281719734479193,18.281719734479193,1.0,39.80227009920895,21.52055036472975,18.281719734479193,0.897184999031729,0.1967334424094701,0.897184999031729
