layer,k,alpha,random_delta_toward_no_mean,random_yes_to_no_flip_rate_mean
20,50,3.0,0.0036732456140350853,0.0
20,100,3.0,0.4048793859649123,0.0035087719298245615
22,50,3.0,-0.010361842105263157,0.0
22,100,3.0,-0.2574013157894737,0.0
23,50,3.0,0.01430921052631579,0.0
23,100,3.0,0.23146929824561402,0.0035087719298245615
