level,selection_name,control_type,layer,k,alpha,random_id,n,normal_no_count,normal_margin_mean,patched_margin_mean,delta_toward_yes_mean,no_to_yes_flips,no_to_yes_flip_rate
trajectory,L22_random_top100_r0,random_neurons,22,100,4.0,0,462.0,462.0,-17.59273538961039,-17.59273538961039,0.0,0.0,0.0
trajectory,L22_random_top100_r0,random_neurons,22,100,6.0,0,462.0,462.0,-17.59273538961039,-17.59273538961039,0.0,0.0,0.0
trajectory,L22_random_top50_r0,random_neurons,22,50,4.0,0,462.0,462.0,-17.59273538961039,-17.573525432900432,0.019209956709956708,0.0,0.0
trajectory,L22_random_top50_r0,random_neurons,22,50,6.0,0,462.0,462.0,-17.59273538961039,-17.564089556277057,0.028645833333333332,0.0,0.0
trajectory,L22_top100,ci_top_neurons,22,100,4.0,-1,462.0,462.0,-17.59273538961039,2.013189935064935,19.605925324675326,382.0,0.8268398268398268
trajectory,L22_top100,ci_top_neurons,22,100,6.0,-1,462.0,462.0,-17.59273538961039,15.299310064935066,32.89204545454545,462.0,1.0
trajectory,L22_top50,ci_top_neurons,22,50,4.0,-1,462.0,462.0,-17.59273538961039,1.237689393939394,18.830424783549784,340.0,0.7359307359307359
trajectory,L22_top50,ci_top_neurons,22,50,6.0,-1,462.0,462.0,-17.59273538961039,14.2403612012987,31.83309659090909,462.0,1.0
