selection_name,control_type,layer,k,random_id,score_sum,positive_score_sum,abs_score_sum,score_mean
L22_random_top100_r0,random_neurons,22,100,0,-0.019850150218999996,0.061756540561,0.143363231341,-0.00019850150218999997
L22_random_top50_r0,random_neurons,22,50,0,0.07969864327819999,0.0970970203272,0.11449539737619999,0.0015939728655639997
L22_top100,ci_top_neurons,22,100,-1,20.812126861000003,20.812126861000003,20.812126861000003,0.20812126861000002
L22_top50,ci_top_neurons,22,50,-1,18.600777449,18.600777449,18.600777449,0.37201554898
