selection_name,control_type,layers,heads,k,total_heads,random_id,patch_mode,alpha,target_layer,target_neuron,n,normal_no_count,normal_yes_count,patched_yes_count,patched_no_count,success_flips,success_flip_rate,no_to_yes_flips,yes_to_no_flips,normal_margin_mean,patched_margin_mean,delta_margin_mean,A_mean_pair_act,D_mean_pair_act,D_minus_A_pair_act,normal_mlp_act_mean,patched_mlp_act_mean,mlp_act_delta_mean,delta_toward_target_decision_mean,act_shift_toward_target_mean,act_shift_toward_target_rate,act_shift_toward_A_mean,act_shift_toward_A_rate,act_dist_to_target_before_mean,act_dist_to_target_after_mean,act_dist_to_A_before_mean,act_dist_to_A_after_mean,act_dist_reduction_mean,corr_delta_margin_with_act_shift_toward_A,corr_delta_target_with_act_shift_toward_target,corr_success_with_act_shift_toward_target,corr_delta_target_with_dist_reduction,corr_flip_with_act_shift_toward_A,corr_delta_margin_with_dist_reduction
L18_random5_per_layer_r0,random_heads,18,L18H9;L18H10;L18H1;L18H3;L18H6,5,5,0,mean_patch,1.0,22,13149,16,0,16,15,1,1,0.0625,0,1,5.18359375,5.0498046875,-0.1337890625,13.517867238898026,-4.029554116098504,-17.54742135499653,4.18341064453125,4.3557281494140625,0.1723175048828125,0.1337890625,-0.1723175048828125,0.25,0.1723175048828125,0.75,8.212964760629752,8.385282265512567,9.334456594366776,9.162139089483963,-0.1723175048828126,0.7842034604623106,0.7842034604623106,0.2284530640061147,0.78420346046231,-0.2284530640061147,-0.78420346046231
L18_top5_per_layer,top_heads,18,L18H15;L18H18;L18H4;L18H13;L18H20,5,5,-1,mean_patch,1.0,22,13149,16,0,16,11,5,5,0.3125,0,5,5.18359375,0.92578125,-4.2578125,13.517867238898026,-4.029554116098504,-17.54742135499653,4.18341064453125,-0.670440673828125,-4.853851318359375,4.2578125,4.853851318359375,1.0,-4.853851318359375,0.0,8.212964760629752,3.5724280382457536,9.334456594366776,14.188307912726152,4.640536722384001,0.8008917699394824,0.8008917699394824,-0.5814116490163437,0.7960840177558344,0.5814116490163437,-0.7960840177558344
