level,selection_name,control_type,layers,heads,k,total_heads,random_id,patch_mode,alpha,n,normal_no_count,normal_yes_count,normal_margin_mean,patched_margin_mean,delta_toward_yes_mean,patched_yes_count,patched_yes_rate,no_to_yes_flips,no_to_yes_flip_rate
trajectory,L18_random10_per_layer_r0,random_heads,18,L18H9;L18H24;L18H1;L18H23;L18H3;L18H12;L18H14;L18H6;L18H0;L18H25,10,10,0,mean_patch,1.0,478,478,0,-20.372352248953973,-19.641049947698743,0.7313023012552301,4,0.008368200836820083,4,0.008368200836820083
trajectory,L18_random1_per_layer_r0,random_heads,18,L18H19,1,1,0,mean_patch,1.0,478,478,0,-20.372352248953973,-19.65126503661088,0.7210872123430963,4,0.008368200836820083,4,0.008368200836820083
trajectory,L18_random3_per_layer_r0,random_heads,18,L18H11;L18H22;L18H14,3,3,0,mean_patch,1.0,478,478,0,-20.372352248953973,-20.030236663179917,0.3421155857740586,1,0.0020920502092050207,1,0.0020920502092050207
trajectory,L18_random5_per_layer_r0,random_heads,18,L18H9;L18H8;L18H10;L18H6;L18H26,5,5,0,mean_patch,1.0,478,478,0,-20.372352248953973,-19.358165533472803,1.0141867154811715,1,0.0020920502092050207,1,0.0020920502092050207
trajectory,L18_top10_per_layer,top_heads,18,L18H15;L18H18;L18H4;L18H13;L18H20;L18H16;L18H5;L18H2;L18H21;L18H27,10,10,-1,mean_patch,1.0,478,478,0,-20.372352248953973,-3.5568449267782425,16.815507322175733,113,0.23640167364016737,113,0.23640167364016737
trajectory,L18_top1_per_layer,top_heads,18,L18H15,1,1,-1,mean_patch,1.0,478,478,0,-20.372352248953973,-18.726954759414227,1.645397489539749,4,0.008368200836820083,4,0.008368200836820083
trajectory,L18_top3_per_layer,top_heads,18,L18H15;L18H18;L18H4,3,3,-1,mean_patch,1.0,478,478,0,-20.372352248953973,-10.464369769874477,9.907982479079498,46,0.09623430962343096,46,0.09623430962343096
trajectory,L18_top5_per_layer,top_heads,18,L18H15;L18H18;L18H4;L18H13;L18H20,5,5,-1,mean_patch,1.0,478,478,0,-20.372352248953973,-3.705838127615063,16.666514121338913,150,0.3138075313807531,150,0.3138075313807531
