selection_name,control_type,layers,heads,k,total_heads,random_id,patch_mode,alpha,target_layer,target_neuron,n,normal_no_count,patched_yes_count,no_to_yes_flips,no_to_yes_flip_rate,normal_margin_mean,patched_margin_mean,delta_margin_mean,A_mean_pair_act,D_mean_pair_act,D_minus_A_pair_act,normal_mlp_act_mean,patched_mlp_act_mean,mlp_act_delta_mean,act_shift_toward_A_mean,act_shift_toward_A_rate,act_dist_to_A_before_mean,act_dist_to_A_after_mean,act_dist_reduction_mean,corr_delta_margin_with_act_shift_toward_A,corr_flip_with_act_shift_toward_A,corr_delta_margin_with_dist_reduction
L18_random5_per_layer_r0,random_heads,18,L18H9;L18H10;L18H1;L18H3;L18H6,5,5,0,mean_patch,1.0,22,13149,493,493,0,0,0.0,-22.760522312373226,-22.366506085192697,0.39401622718052737,13.3258056640625,-6.339142648797286,-19.664948312859785,-26.381283278397564,-25.59524356617647,0.7860397122210954,0.7860397122210954,1.0,39.70708894246007,38.92104923023897,0.7860397122210954,0.3725638695910925,,0.3725638695910925
L18_top5_per_layer,top_heads,18,L18H15;L18H18;L18H4;L18H13;L18H20,5,5,-1,mean_patch,1.0,22,13149,493,493,14,14,0.028397565922920892,-22.760522312373226,-9.451413539553753,13.309108772819473,13.3258056640625,-6.339142648797286,-19.664948312859785,-26.381283278397564,-13.820014752432492,12.561268525965074,12.561268525965074,0.9979716024340771,39.70708894246007,27.145820416494992,12.561268525965074,0.9357948460287455,0.1867674514298708,0.9357948460287455
