level,selection_name,control_type,layer,k,alpha,random_id,n,normal_no_count,normal_margin_mean,patched_margin_mean,delta_toward_yes_mean,no_to_yes_flips,no_to_yes_flip_rate
vignette,L22_random_top100_r0,random_neurons,22,100,4.0,0,480.0,480.0,-22.907942708333334,-22.9078125,0.00013020833333333333,0.0,0.0
vignette,L22_random_top100_r0,random_neurons,22,100,6.0,0,480.0,480.0,-22.907942708333334,-22.907747395833333,0.0001953125,0.0,0.0
vignette,L22_random_top50_r0,random_neurons,22,50,4.0,0,480.0,480.0,-22.907942708333334,-22.90537109375,0.0025716145833333333,0.0,0.0
vignette,L22_random_top50_r0,random_neurons,22,50,6.0,0,480.0,480.0,-22.907942708333334,-22.904459635416668,0.003483072916666667,0.0,0.0
vignette,L22_top100,ci_top_neurons,22,100,4.0,-1,480.0,480.0,-22.907942708333334,-1.209765625,21.698177083333334,146.0,0.30416666666666664
vignette,L22_top100,ci_top_neurons,22,100,6.0,-1,480.0,480.0,-22.907942708333334,15.28466796875,38.19261067708333,480.0,1.0
vignette,L22_top50,ci_top_neurons,22,50,4.0,-1,480.0,480.0,-22.907942708333334,-1.77734375,21.130598958333334,103.0,0.21458333333333332
vignette,L22_top50,ci_top_neurons,22,50,6.0,-1,480.0,480.0,-22.907942708333334,14.475390625,37.38333333333333,480.0,1.0
