selection_name,control_type,layers,heads,k,total_heads,random_id,patch_mode,alpha,target_layer,target_neuron,n,normal_no_count,normal_yes_count,patched_yes_count,patched_no_count,success_flips,success_flip_rate,no_to_yes_flips,yes_to_no_flips,normal_margin_mean,patched_margin_mean,delta_margin_mean,A_mean_pair_act,D_mean_pair_act,D_minus_A_pair_act,normal_mlp_act_mean,patched_mlp_act_mean,mlp_act_delta_mean,delta_toward_target_decision_mean,act_shift_toward_target_mean,act_shift_toward_target_rate,act_shift_toward_A_mean,act_shift_toward_A_rate,act_dist_to_target_before_mean,act_dist_to_target_after_mean,act_dist_to_A_before_mean,act_dist_to_A_after_mean,act_dist_reduction_mean,corr_delta_margin_with_act_shift_toward_A,corr_delta_target_with_act_shift_toward_target,corr_success_with_act_shift_toward_target,corr_delta_target_with_dist_reduction,corr_flip_with_act_shift_toward_A,corr_delta_margin_with_dist_reduction
L18_random5_per_layer_r0,random_heads,18,L18H9;L18H10;L18H1;L18H3;L18H6,5,5,0,mean_patch,1.0,22,13149,31,0,31,30,1,1,0.03225806451612903,0,1,6.350806451612903,5.727318548387097,-0.6234879032258065,13.517867238898026,-4.029554116098504,-17.54742135499653,1.623780281313004,1.2412778792842742,-0.3825024020287298,0.6234879032258065,0.3825024020287298,0.8387096774193549,-0.3825024020287298,0.16129032258064516,5.837130374940829,5.507879595602711,11.89408695758502,12.27658935961375,0.32925077933811775,0.9066676900743174,0.9066676900743174,0.14671962650913473,0.6908840257181428,-0.14671962650913473,-0.6908840257181428
L18_top5_per_layer,top_heads,18,L18H15;L18H18;L18H4;L18H13;L18H20,5,5,-1,mean_patch,1.0,22,13149,31,0,31,11,20,20,0.6451612903225806,0,20,6.350806451612903,-1.157258064516129,-7.508064516129032,13.517867238898026,-4.029554116098504,-17.54742135499653,1.623780281313004,-6.375567036290323,-7.999347317603327,7.508064516129032,7.999347317603327,1.0,-7.999347317603327,0.0,5.837130374940829,4.244095753732885,11.89408695758502,19.89343427518835,1.5930346212079443,0.5962304171493915,0.5962304171493915,-0.14032572663163953,0.7556371571505351,0.14032572663163953,-0.7556371571505351
