selection_name,control_type,layers,heads,k,total_heads,random_id,patch_mode,alpha,target_layer,target_neuron,n,normal_no_count,normal_yes_count,patched_yes_count,patched_no_count,success_flips,success_flip_rate,no_to_yes_flips,yes_to_no_flips,normal_margin_mean,patched_margin_mean,delta_margin_mean,A_mean_pair_act,D_mean_pair_act,D_minus_A_pair_act,normal_mlp_act_mean,patched_mlp_act_mean,mlp_act_delta_mean,delta_toward_target_decision_mean,act_shift_toward_target_mean,act_shift_toward_target_rate,act_shift_toward_A_mean,act_shift_toward_A_rate,act_dist_to_target_before_mean,act_dist_to_target_after_mean,act_dist_to_A_before_mean,act_dist_to_A_after_mean,act_dist_reduction_mean,corr_delta_margin_with_act_shift_toward_A,corr_delta_target_with_act_shift_toward_target,corr_success_with_act_shift_toward_target,corr_delta_target_with_dist_reduction,corr_flip_with_act_shift_toward_A,corr_delta_margin_with_dist_reduction
L18_random5_per_layer_r0,random_heads,18,L18H9;L18H10;L18H1;L18H3;L18H6,5,5,0,mean_patch,1.0,22,13149,477,477,0,1,476,1,0.0020964360587002098,1,0,-23.57612683438155,-23.322687368972748,0.253439465408805,13.517867238898026,-4.029554116098504,-17.54742135499653,-33.8082702764675,-33.74548570165094,0.06278457481656184,0.253439465408805,0.06278457481656184,0.5870020964360587,0.06278457481656184,0.5870020964360587,47.32613751536554,47.26335294054898,47.32613751536554,47.26335294054898,0.06278457481656184,0.5500935658180717,0.5500935658180717,0.06760416820152308,0.5500935658180717,0.06760416820152308,0.5500935658180717
L18_top5_per_layer,top_heads,18,L18H15;L18H18;L18H4;L18H13;L18H20,5,5,-1,mean_patch,1.0,22,13149,477,477,0,80,397,80,0.16771488469601678,80,0,-23.57612683438155,-5.777843291404612,17.79828354297694,13.517867238898026,-4.029554116098504,-17.54742135499653,-33.8082702764675,-11.322996703333825,22.485273573133682,17.79828354297694,22.485273573133682,1.0,22.485273573133682,1.0,47.32613751536554,24.84086394223185,47.32613751536554,24.84086394223185,22.485273573133682,0.7683919052662501,0.7683919052662501,0.2663315546261086,0.7683919052662502,0.2663315546261086,0.7683919052662502
