level,selection_name,control_type,layer,k,alpha,random_id,n,normal_no_count,normal_margin_mean,patched_margin_mean,delta_toward_yes_mean,no_to_yes_flips,no_to_yes_flip_rate
trajectory_enhancing,L22_random_top100_r0,random_neurons,22,100,4.0,0,491.0,491.0,-20.79140147657841,-20.79140147657841,0.0,0.0,0.0
trajectory_enhancing,L22_random_top100_r0,random_neurons,22,100,6.0,0,491.0,491.0,-20.79140147657841,-20.79140147657841,0.0,0.0,0.0
trajectory_enhancing,L22_random_top50_r0,random_neurons,22,50,4.0,0,491.0,491.0,-20.79140147657841,-20.776953920570264,0.01444755600814664,0.0,0.0
trajectory_enhancing,L22_random_top50_r0,random_neurons,22,50,6.0,0,491.0,491.0,-20.79140147657841,-20.770843940936864,0.020557535641547862,0.0,0.0
trajectory_enhancing,L22_top100,ci_top_neurons,22,100,4.0,-1,491.0,491.0,-20.79140147657841,-0.3818737270875764,20.409527749490834,212.0,0.4317718940936864
trajectory_enhancing,L22_top100,ci_top_neurons,22,100,6.0,-1,491.0,491.0,-20.79140147657841,13.719068228105906,34.51046970468432,491.0,1.0
trajectory_enhancing,L22_top50,ci_top_neurons,22,50,4.0,-1,491.0,491.0,-20.79140147657841,-1.0333503054989817,19.75805117107943,135.0,0.27494908350305497
trajectory_enhancing,L22_top50,ci_top_neurons,22,50,6.0,-1,491.0,491.0,-20.79140147657841,12.7510183299389,33.54241980651731,491.0,1.0
